{
    "loss": 19.788036346435547,
    "accuracy": 0.5686274766921997
}