{
    "loss": 0.04489719122648239,
    "accuracy": 0.9901960492134094
}